name,price,profit
action0,459.6750106536673,15.724386476826236
action1,17.052861224192164,32.962384614671386
action2,275.2255243762986,78.9082954143611
action3,38.96859113768966,88.70934332686302
action4,402.40365522138416,40.93531244899693
action5,449.36666800918454,76.15103904574035
action6,257.9603365025594,24.78050250072251
action7,94.78680353999997,89.10774483226824
action8,312.19583801078494,81.89173970338133
action9,230.13293183404895,15.929399336970457
action10,484.86480414158206,14.923988401546605
action11,452.2632038036584,62.35611811030521
action12,50.42589336806958,71.33854290381717
action13,303.88374654501575,90.27556052708572
action14,30.121432656602245,97.83885206875485
action15,178.10596833520077,92.7616295956896
action16,77.37414673612292,9.128957531051459
action17,221.31818161813808,79.3072115267546
action18,93.03395612964688,5.28305931782488
action19,303.97703078139904,75.65129790691208
action20,76.6854811819389,40.84074267210934
action21,391.8973635680674,30.675887649560597
action22,303.2023801618949,94.08421827606911
action23,384.286568405442,45.46974511860323
action24,102.22290385836799,35.045643442663426
action25,59.550124236444624,23.658127544779276
action26,437.9490347293443,53.2273134841688
action27,247.62071849762484,9.545051371555695
action28,45.62488188155906,95.26630048353532
action29,78.58088637781084,35.52990506084883
action30,167.52240392649816,1.1017337398600366
action31,437.20498225288344,83.81383879978102
action32,286.1612644144714,33.688655200151494
action33,275.6444343842883,28.335025341988572
action34,219.27649608151427,98.18548474186848
action35,168.57341060004353,90.98350120140377
action36,43.782193529364875,90.51516495551094
action37,176.23972111544407,56.72627135904993
action38,357.2721057517696,92.15762247365568
action39,3.7731912673580417,61.46303199176377
action40,242.46900931054208,25.68189475576669
action41,70.58968114025159,31.598011514255578
action42,294.37097881606866,25.149708519163074
action43,290.59983795393515,4.408207803607782
action44,248.5253935144521,1.3488184509038827
action45,189.14541984708305,52.24702172931738
action46,31.80573711591087,86.64999258844338
action47,212.53625963151399,92.65099922699612
action48,102.90884675092695,69.8606371006859
action49,358.45592986796316,92.5996572831035
action50,313.6020635166564,13.889472136593339
action51,246.48762425151054,93.10866256280538
action52,231.52063169745094,57.71076459621518
action53,169.94132425713724,27.391623684733542
action54,468.2625688552894,12.761338755047612
action55,56.50508407684565,90.15742942226471
action56,438.7920996611374,99.16458602976552
action57,202.56701897782892,11.887173489169806
action58,451.96440977434065,72.18784519950351
action59,284.4687029478645,11.971453818117734
action60,153.76107802566978,50.976926846820675
action61,351.1366045018422,77.16389815029152
action62,226.63571024043785,25.17142640393839
action63,88.72943147653294,17.28518776863439
action64,413.53829441944833,66.60978220088408
action65,223.68113419249596,84.46024235632096
action66,306.908504263851,70.7553875596507
action67,342.6748115957111,46.00892916207706
action68,265.79404657640816,32.70285731816315
action69,288.65100927609507,65.74493213519544
action70,63.99521223197739,29.610198582668364
action71,91.09096419453853,69.00725061215336
action72,313.070313819198,66.66689421391081
action73,79.69797490788088,48.132356958202266
action74,483.6243527955185,27.968826091667083
action75,260.67905693298104,26.38875900118072
action76,125.70274933102895,3.625707991997343
action77,140.18280741037708,43.319094216141636
action78,462.4355851120903,61.90655254813565
action79,444.70299850147956,67.45473798476492
action80,477.66923331662235,15.660593447640935
action81,482.33587208424984,56.12810230364395
action82,108.59470353133422,1.708338304969967
action83,216.32718096045173,98.82206898417921
action84,180.91804934220733,87.5361381594121
action85,237.00091650033144,7.787872283752355
action86,399.18408872276365,85.12965286912846
action87,446.5166397829227,48.750808064332105
action88,128.73312215820079,96.06804883518186
action89,380.5968366288392,71.86033537593362
action90,395.5291749007153,63.49303355301795
action91,50.40442558825996,55.016019767763474
action92,234.26589843750187,7.314439067591261
action93,460.8992545711592,61.14992068301624
action94,409.6707923331352,15.197639409686014
action95,245.86395853685997,35.72732171465419
action96,49.853771619536,10.654130519239999
action97,98.00916232375464,71.25047980735343
action98,300.5227533174664,49.319846078762104
action99,385.3440777956574,52.79005729809587
action100,3.245451218991361,46.58079664129437
action101,116.47109914293148,5.639459615351993
action102,253.48736012024838,12.674229393183314
action103,169.87610248692692,77.46108325201665
action104,15.372603692802711,55.68317257918348
action105,440.3620521317588,95.76253910583857
action106,313.3028889795537,24.451764304093704
action107,7.6842720850945145,94.92187790648613
action108,128.2311260479098,71.77633075011323
action109,391.26644482303396,21.486476623232893
action110,23.23428937364449,78.75441301884031
action111,314.6513771903373,60.96498709892622
action112,414.40372698995037,5.413231703365472
action113,103.40918716290246,19.083680033892755
action114,450.5565275961093,68.28228177315982
action115,21.826928940277984,61.37867019981847
action116,266.1779304375783,95.48770096939782
action117,91.22584557518711,52.151123219721214
action118,115.33511649331265,86.08707175583888
action119,346.6298089648969,88.93335288439012
action120,144.68745112675768,81.7954463587177
action121,267.0548464326819,97.7680411292553
action122,446.5652140313433,23.10362429325476
action123,339.0798223979368,23.122848037900855
action124,263.083061029334,97.72723342988999
action125,362.33462203294147,22.6482833804868
action126,342.8273077852509,60.68441078562087
action127,136.56096086080154,25.91894363246601
action128,330.1365513649027,34.641952109391
action129,307.42554205759376,73.42169688228405
action130,484.5141791902715,68.75080243953897
action131,140.98535795416004,92.7135634630202
action132,372.2582265210152,78.72324165454827
action133,23.55588766212929,30.756014943129188
action134,179.86767003588736,18.68349670267598
action135,160.07580002059254,67.92594311364624
action136,340.25192873723176,7.619261576524107
action137,389.8611869333051,67.05005919829127
action138,168.62558643212103,72.1300084738837
action139,96.72409969745078,50.57208918070875
action140,439.50353683704,53.27934792120543
action141,375.73866708430796,33.337492914780704
action142,388.01672996652155,38.45391020605575
action143,116.02771425306942,23.987018582579097
action144,347.35686493718674,75.49764987005906
action145,215.07233741444435,47.70448985866483
action146,406.34409855509455,46.98839836837537
action147,465.0869366267985,38.84857287796252
action148,444.03555597003833,11.2982933400772
action149,421.31856849416516,70.01465141942452
action150,66.89850579320843,42.78160558532231
action151,466.5676425368694,96.09076601137059
action152,85.8949520006205,35.700031524692946
action153,241.38130754841862,75.29396394765729
action154,321.86817591803623,77.70478689747313
action155,140.56872315825814,48.1195215875231
action156,25.60802072832732,34.1684504559755
action157,172.44084818854742,66.93062546923056
action158,495.8543822666324,68.64127919284803
action159,132.28769440091173,99.43502488381213
action160,139.52028230987594,4.508370042625987
action161,71.36421634539641,60.32083449204054
action162,33.71198793484376,15.814696439894325
action163,404.2950295667937,43.01667431653388
action164,435.46562075382343,39.02427864576467
action165,188.6526642282079,53.270084433245884
action166,459.8559413838685,2.5464715620593483
action167,290.256879985309,11.477341225020373
action168,416.3433816708969,4.289649169015915
action169,124.04514532791508,86.35895545604401
action170,206.35351766216172,74.05902797389597
action171,62.673024222294906,75.86025620899248
action172,432.0130603890779,68.43070649880801
action173,334.07066943885553,53.837572372245205
action174,420.58759609289876,64.82387794107191
action175,443.0452568419104,45.516821899274944
action176,347.8287062574364,48.46752722408262
action177,287.83105116669765,3.786435375761234
action178,475.06594237943864,97.24374663820531
action179,30.379955764850845,64.12303272405629
action180,16.887282242225226,66.09767397235576
action181,249.4007212247227,60.856857781667
action182,232.75145329784107,22.778071175730776
action183,227.42186216492357,52.78536578230085
action184,261.4145670594906,72.26106719390935
action185,115.41538106970168,45.28460228718665
action186,72.17030181886169,95.50349500481217
action187,140.86406307353062,32.35594884239363
action188,243.9908607226312,54.649745913803066
action189,232.9655964199735,44.1318839731201
action190,287.46314278838133,80.15237464407578
action191,483.7824829974233,80.02330178098556
action192,241.34240189180383,35.0741111180247
action193,266.22547912424926,20.387933384457952
action194,350.37120253532345,40.4478022044247
action195,384.94689545303,39.25358949198858
action196,488.0383275017522,71.87017622255921
action197,139.77469203992263,31.560325368103538
action198,329.0160413922599,2.6488468463539974
action199,214.41531667780774,94.10788172681245
action200,334.57481351782525,10.411339269735667
action201,328.75691401727283,16.912328578439528
action202,483.2152263343971,33.87228782439884
action203,349.60233625861053,23.139315324193436
action204,29.713462646756273,67.22166130804139
action205,117.54448478803268,45.67817319634717
action206,321.9157305867303,22.624096470723718
action207,18.20002017785399,19.532744079371227
action208,386.6632182341809,71.27903465346422
action209,383.9856025726456,23.374466876283453
action210,73.2763403600652,85.82536150843619
action211,436.8896036916171,36.117710694429235
action212,48.69104468535326,94.77916223552027
action213,396.22088031082615,11.187750343965565
action214,185.6631006270235,46.72545427205104
action215,307.8596465836999,30.35268269947769
action216,257.96386784833015,54.62239681189315
action217,369.64021871539126,92.04350171552294
action218,177.21048219427448,17.341279830020557
action219,134.95066202084305,53.034906225504855
action220,227.1953502131712,73.6751727017918
action221,266.7534112892186,27.29005152488401
action222,46.65187676672175,32.954973769363555
action223,416.80173139419094,61.988833745730666
action224,189.5810203982162,30.71143158629138
action225,37.61223743780942,86.65297752327648
action226,7.944935382599696,99.24534961414123
action227,327.8519147787405,58.12347126316059
action228,237.04378903928503,15.461278235732028
action229,493.78179519026753,55.02956273251451
action230,95.44633564919725,62.39705485039228
action231,325.33697535361347,92.0586432159953
action232,416.56058170287645,29.79362926977874
action233,471.6056434079786,8.059613684421379
action234,271.4473223414624,77.03661660680783
action235,24.592595590338703,92.70887755147561
action236,467.2219094848907,19.98541507799271
action237,65.20650388829534,87.90495365166663
action238,68.82648316914775,20.790612045137703
action239,229.62749668372018,52.509803130979535
action240,9.608613309865111,95.61590440249681
action241,247.72235581805938,15.014005520523325
action242,478.1301342125278,20.342155884289237
action243,354.0381359724766,97.40451597290004
action244,382.56582515242,18.066200418227393
action245,472.53951550721257,26.876560408579863
action246,52.16630603308742,62.627999081313945
action247,467.3087491271518,39.93392448014212
action248,471.2648739555912,36.86102845430919
action249,250.72807857701233,20.780702678034707
action250,183.79542068532348,85.50098402858264
action251,273.36360679244166,85.84831593831719
action252,77.78397876992098,11.593008702535508
action253,1.8316225113757687,94.54919266391879
action254,231.83859206425555,77.44589505262708
action255,484.07374986770753,38.26945581695489
action256,244.25733475436772,6.37389262271142
action257,430.4616110405976,78.78213008188688
action258,119.30929374893562,83.67709882082048
action259,84.8575515952326,14.35360235930009
action260,472.70070632332806,61.80791796363723
action261,437.58068281291685,49.14146663059673
action262,318.10146184184117,37.267255042992964
action263,233.0859401283003,59.20489663061926
action264,174.63989449936506,32.62619191233326
action265,247.97455883164645,67.17393009095716
action266,361.1519461369015,32.91674577929881
action267,254.38112839737772,62.399244395703604
action268,459.23642627929337,42.239898775503555
action269,432.42436228135665,62.80086852953675
action270,94.36687170597011,84.92591529424742
action271,222.55151230862973,34.69043861967397
action272,359.21769522975984,66.14719523197796
action273,451.4558438128444,15.652933194331975
action274,451.5549359675709,76.86516353918309
action275,367.80367345767166,77.74172007176789
action276,66.21802920011643,8.066155591522147
action277,404.1578024593013,60.871665283587696
action278,56.74832024612505,93.11949175124865
action279,408.7289389814348,34.2882098140137
action280,297.59020104132486,98.95447903531364
action281,221.730559902735,35.9048932500843
action282,383.3533669649411,86.38395266419597
action283,273.72198692979174,33.67161728912798
action284,270.40959910462965,28.518722615444158
action285,122.37501568274573,54.99898382842288
action286,428.83082165641605,55.0645874429497
action287,175.4317320775515,66.89597327449893
action288,353.1467946661101,49.59605589131628
action289,379.84286020263625,40.74889694443485
action290,106.12916512571068,38.25895584884565
action291,487.4092933430316,85.76853033725821
action292,183.32050903433415,87.09220163960002
action293,20.9146239085099,4.9973062832042565
action294,222.1035189389715,28.909626327404194
action295,396.99538424188535,75.5971997450214
action296,204.284718001241,2.820965314868673
action297,483.52818328523966,76.67541397894286
action298,306.99297283591375,83.50010913116446
action299,190.48005943317554,16.387225109151224
action300,185.36925504104116,52.059224260029495
action301,147.8452882645863,9.331721016637006
action302,197.81996583594469,55.045560716809405
action303,373.1956653869297,42.532440732494955
action304,470.7053256197451,66.85184403295673
action305,101.0626604232329,13.80820549430311
action306,286.59609645322837,66.91362917868467
action307,255.05007686418622,33.44113234603686
action308,144.8348487525645,68.0340815067237
action309,475.9459494541707,40.13645673910397
action310,158.68669570588148,52.63342124583954
action311,276.800005468231,39.75959586676599
action312,281.7588536574605,84.881242839362
action313,486.1114191457725,92.4677837915768
action314,308.42456325753176,55.2449177175528
action315,107.31045376847845,24.476075127508842
action316,393.8696312793199,75.20570376410744
action317,31.924667398031993,13.939222558704977
action318,22.06451183547154,62.479342717245224
action319,121.88212646764396,52.62287634755298
action320,437.3080271241806,60.21152773043592
action321,453.08113946381087,98.26265804528542
action322,136.92377909314928,2.1698673224787344
action323,299.98676918675915,7.137789864921954
action324,227.32671810475628,77.63017802379042
action325,58.21017193887564,35.40056013847037
action326,155.55292898668657,39.876540623952884
action327,125.05314886652496,99.62686543522028
action328,454.2553246924695,50.780755768579276
action329,271.2944850026892,39.216895988881156
action330,176.45893757211138,74.78885099040455
action331,195.00403403534114,43.73075414827042
action332,253.38816277429186,31.391714913659005
action333,298.50525889338223,62.543112421461636
action334,282.70962994352936,1.1398834508076097
action335,84.78810904010741,77.81405995545241
action336,272.7480378870901,67.94779642179337
action337,200.33002946436318,47.51065816936722
action338,251.9434781661744,13.50705549230184
action339,398.7791449435817,2.5128683518461066
action340,251.19604205363754,95.25054798157034
action341,253.04691952768368,65.0405341815582
action342,173.54169402934824,57.03392985856132
action343,325.9771379171688,68.31510627835348
action344,368.32638314975566,86.63832714422173
action345,147.04762049002522,10.41320621873942
action346,340.09721872116756,60.035510627849604
action347,152.7843893203715,18.99423077300264
action348,305.6659985792455,80.65690119670307
action349,402.59517351831545,35.52634304582548
action350,270.32106712688613,49.435298778732296
action351,293.1909973732502,26.389347343822386
action352,385.71822010193506,25.459657086100393
action353,285.81006970517166,96.92840173752516
action354,292.8587608839543,56.781429867007716
action355,279.7384070234138,15.246189489280503
action356,369.5685813510811,78.29032119064082
action357,297.7419440678058,70.56571222667645
action358,182.0526624915538,45.00124593006369
action359,448.1390813363565,29.92578768554552
action360,363.5499709612399,14.356575011787033
action361,495.5518055036578,58.81351760058889
action362,245.2718970971494,34.967088386258474
action363,9.105737081885822,11.511686430995095
action364,359.6523036459061,17.848363136163105
action365,403.329869230944,8.613648040144007
action366,369.56161671246514,31.413984376591582
action367,56.449075830202446,13.673087071445833
action368,360.14938614261524,35.392693460419714
action369,466.76033391914217,38.98304287888759
action370,122.27351877372367,45.47065417922127
action371,201.83917940559553,97.60167649777154
action372,85.66327425601088,96.01457468690052
action373,337.0308232295646,61.51815662731658
action374,398.3521263816906,44.71337507933605
action375,87.17434678543941,45.80680982348453
action376,486.2545747077733,35.61660841671274
action377,336.00176628283316,63.045786527587026
action378,182.4740129496845,17.570225202446466
action379,217.22363827094165,85.15102783186711
action380,67.91018083550921,86.61242662479425
action381,257.91252788953483,79.84564332215416
action382,31.348133172524214,95.76239849490179
action383,487.22415183160297,63.52661193647449
action384,221.1484581158941,24.50966349356775
action385,74.83589909658511,11.368449037059207
action386,260.43131353330983,25.98968339405187
action387,199.72163670741108,59.522977023327655
action388,221.89234181998486,67.21475877508531
action389,137.36264924850042,48.339125391169745
action390,413.26147744508006,63.73280317239969
action391,198.41422655041038,96.37903431881801
action392,144.21539622182797,16.673399887153227
action393,50.582269157075636,57.41099814915482
action394,348.1441012404785,41.07468536086288
action395,193.82721431458515,98.61819474373479
action396,144.90154983793659,33.70266704709249
action397,441.7618772306763,33.21955459862464
action398,177.69527285283536,39.19356146373705
action399,69.40341235219606,64.50310099471993
action400,172.95325690647022,27.774013394065665
action401,233.40763825645465,16.082095524127322
action402,433.7847332279833,93.15742379192032
action403,125.3562682836751,99.84116232412488
action404,425.62161863791886,94.07516722694149
action405,360.30308597148826,42.81619080350007
action406,283.1591194470294,6.330167971861878
action407,436.7344957194391,38.01979181919242
action408,171.43544522411878,97.27563173887728
action409,348.83891166024557,57.956531160604186
action410,334.20719094078686,65.89071406344296
action411,207.89048231345342,96.19248381435445
action412,212.50599695821128,38.836617109533314
action413,249.58790959371538,78.96222053461649
action414,314.36580609110075,8.389461230685487
action415,413.85705114005253,70.14751982457332
action416,248.49752577056609,45.15432787528004
action417,127.30299954127092,85.87112307763861
action418,453.7104424017876,54.18568714013118
action419,194.23439607965173,62.949792136114894
action420,166.82177330880023,31.142017649697507
action421,164.17405080042397,69.41473588945476
action422,328.4837587876304,75.99311279240821
action423,370.5468979503024,67.69000952209606
action424,115.26367460787304,71.75669952806655
action425,460.6080782131727,79.01836902984495
action426,246.05655504021786,94.50244891864858
action427,242.9550453640153,74.61491200524112
action428,428.8030444353852,69.53126049511123
action429,437.2004737008226,64.48360784501065
action430,447.49638004572034,76.2704298901251
action431,170.69341417665976,38.22347836965954
action432,225.3185154157078,99.3501850564521
action433,172.62945647399914,96.72336011625335
action434,244.90333318726886,41.0497340116959
action435,320.27874743974246,99.28805584787563
action436,380.68126409378067,94.72419781775912
action437,324.1337751391866,38.67375170047182
action438,100.73997017693947,25.85395282971228
action439,291.1377449657027,86.98102248495822
action440,154.4368335015801,48.55121025917924
action441,127.26234388829205,55.31967450754077
action442,217.60776615157195,66.07890751016726
action443,354.05567540138196,55.489181357108315
action444,190.44457873904264,69.89832357900106
action445,488.7793959199964,83.19805285218509
action446,297.71628305002184,78.12676928069571
action447,131.8150884319393,22.281495814220207
action448,126.21932472638512,32.526769127085515
action449,191.50579239485603,66.58472065888168
action450,493.320795958043,59.930243630713875
action451,190.2056561259048,37.41289321713632
action452,192.75105780059485,78.4828183857326
action453,107.98505004803357,36.130667364790824
action454,333.8938784198289,33.11829343610064
action455,258.22345622279465,34.73218121519877
action456,4.325875329047069,14.216208033407563
action457,271.5844341975036,40.244515568030295
action458,176.88887049832033,30.48965388002292
action459,81.06845832558598,29.26123560996667
action460,266.71357337684,26.065843939108543
action461,196.3658353165314,55.163234231758125
action462,178.09776091323252,21.73040098932245
action463,211.26567233163686,44.15809341255384
action464,18.622439628209857,44.07884669866396
action465,130.50780852243355,81.50290942282695
action466,478.27090523558513,36.508082473360346
action467,306.9319803610874,5.061800118798353
action468,398.7033294113248,35.39756538927492
action469,332.10230580189545,56.33631893379314
action470,409.75001794568686,56.20088763310479
action471,341.5666871998312,72.7401977393274
action472,105.96618941507714,72.34921427037314
action473,53.87752352411804,16.63591443798842
action474,50.30875310918409,72.14937117152255
action475,201.06783863886864,25.08658590288725
action476,71.36833241655101,4.9166735495277205
action477,446.7629159796916,54.661309320901665
action478,51.8739073922307,68.04532318750165
action479,22.160581455826282,44.03281531822033
action480,106.23200783429967,74.85311641786885
action481,211.34296470699456,85.32146950364636
action482,329.5096539382921,84.17162532700249
action483,128.4400263759549,71.43351423823545
action484,67.14898072917612,32.478860243111846
action485,159.3370960534487,45.867468756041305
action486,62.42738682584472,99.92328210215666
action487,341.0325757094751,19.72544046950263
action488,109.1282536800744,24.07017973083131
action489,418.16591563079976,53.14882198598753
action490,63.62093965086699,37.892558809752444
action491,355.76968359796257,58.05164419276081
action492,52.47394168325419,99.58732697103085
action493,394.9767617543502,48.389367581551575
action494,190.63389370519675,50.14946690074446
action495,87.41820888084915,27.046561849112106
action496,163.99256510580503,44.375005467834036
action497,299.9951198693109,47.849780076360325
action498,21.214085375442703,57.3332208514825
action499,327.8562755127278,88.85930578390665
action500,293.1348460821277,45.990214610335464
action501,154.85477049689146,50.64761126744769
action502,307.43115061485724,67.71840510178492
action503,161.68946168268894,92.6394783321394
action504,67.4101764516659,68.25218741793442
action505,120.13710809532711,6.545808496408532
action506,211.7682662207811,62.13799189570082
action507,249.95467487795975,4.605168402421926
action508,459.45729187383296,26.314635853195686
action509,219.22617372451504,33.41651842935866
action510,187.22678401290767,71.92433101576586
action511,110.8142992971896,60.49458687382453
action512,56.13173737156051,84.10738094619738
action513,295.892243633802,59.36826608229807
action514,139.95571574434368,34.89571955445137
action515,269.5948554571948,57.08962890111037
action516,486.9407966921238,12.909581727982516
action517,431.88600737794224,91.27975353178188
action518,309.62309252247474,30.734131139725328
action519,120.09605591970248,66.7352130748787
action520,253.24069900597732,48.81624589621661
action521,418.4870650395088,68.40506325568161
action522,185.95816270823806,98.28297882122945
action523,380.6818714881877,53.78910576650439
action524,278.1277082363252,24.47984099518796
action525,390.0172311216927,75.06621086383343
action526,9.185285251438355,43.094229675533306
action527,148.7115770367077,76.73067244159743
action528,305.72671835542127,93.57929319082808
action529,195.46613719929422,32.738454520240346
action530,260.77742733531016,99.8489098011819
action531,223.46333256870145,88.01367308890563
action532,482.45529471190105,99.5518006376023
action533,98.23344970648904,41.913008505045866
action534,381.6139671562479,15.521555986339127
action535,232.86408465400802,37.52676806866927
action536,476.4380264802179,34.01838251890179
action537,112.05965591169945,87.4763432641245
action538,408.68585320256284,61.6104704655108
action539,34.92123944516555,28.86226800839765
action540,246.37463909153146,27.4661702192546
action541,397.05210235366826,15.972528378502647
action542,359.21743115179896,47.46562880619299
action543,274.2942868047961,20.805228212095248
action544,366.7467630623083,98.42986911787523
action545,91.97409977455403,9.80163200383713
action546,483.63337277256574,48.599455996159094
action547,2.6410565353903195,2.0501139392970265
action548,312.12270407625203,1.1979349820736973
action549,490.00977043255307,40.600838606744524
action550,267.1604717116521,43.663982595638686
action551,280.82727466524204,41.023576925169394
action552,486.89390187752076,4.795069649439481
action553,16.40707157362435,86.45342205720026
action554,226.66719361977897,17.95351161675335
action555,203.68299299083807,21.964900909564125
action556,105.52001305619532,60.80478468520536
action557,308.3119707999711,31.74614097286317
action558,443.10258550869685,65.12623005610958
action559,56.31152957432598,12.755082054488287
action560,67.30178660408457,65.77519530106535
action561,415.8072945653088,73.74423721807685
action562,181.38773443319315,78.26159604790952
action563,319.37179065585104,69.04613357862088
action564,495.89975599677416,19.338534786294634
action565,87.56971845718616,3.090740526188053
action566,362.9871066634265,65.62186428283222
action567,275.4790868536163,75.8932910126255
action568,267.02108605414986,12.824960650893129
action569,4.229449072945819,34.15038369721828
action570,308.00103278817556,49.77942508651785
action571,429.65519146089116,41.85582747911475
action572,359.035865859642,10.121933056271669
action573,88.8304375951421,21.568736246925777
action574,432.2590530005836,40.53665965990089
action575,442.6626231661027,32.857643080449435
action576,366.8939043108187,5.4335490778241295
action577,196.82991149219822,69.99889829220349
action578,471.8265159442505,69.83653306879907
action579,496.9614680127838,20.00322103560184
action580,46.60939844510849,76.50672243150449
action581,7.516202036025536,72.31494825167144
action582,26.58540935507846,36.79499651825941
action583,281.7357405849763,28.885486878592943
action584,353.52590014294157,83.07613247580957
action585,17.316782173884715,68.98697520704835
action586,172.35966774311603,42.41091600762051
action587,362.96662700537524,32.1716141492976
action588,281.3633860803448,11.138333877789533
action589,378.20244987454134,13.238115693095393
action590,254.30504595540157,67.27522267296722
action591,54.63061053850761,4.002824674098653
action592,373.42687413590403,5.732919505648119
action593,272.00290472986495,79.62454931404889
action594,428.18260829522717,43.59352149392008
action595,13.93661608656907,79.54868219839615
action596,114.81561646013868,38.42218518638691
action597,202.85264233935015,85.98214722609252
action598,164.0029016897193,49.16497732719212
action599,215.25867330223738,46.484853406862136
action600,468.36360515030236,84.0980753194292
action601,232.29020887442104,14.804069648664726
action602,244.73371740470398,80.43650413378681
action603,357.9707403880462,7.95099625923882
action604,392.0702500659567,51.71599922567343
action605,30.17457080588334,27.204592833012256
action606,52.21601053983055,60.861111812329575
action607,68.80579462794167,8.284006922425295
action608,377.16964769529375,55.03809001384482
action609,96.79583403442203,84.21742607162477
action610,25.1881004457107,77.81398371871359
action611,139.16241277046922,29.585529873528813
action612,99.5582495446283,63.04936353532015
action613,188.06581142255803,67.59593807399413
action614,445.9254295857393,25.99924868195848
action615,321.7006262837403,95.11782852557091
action616,237.6737373492009,68.12828131103478
action617,473.8007398547074,15.311399501019705
action618,38.639775789152935,93.19687788221636
action619,103.92471367888716,39.55097480097008
action620,194.94187880003074,66.21984778852575
action621,217.20486307964612,68.3373592354714
action622,163.7319287324971,74.72024844789571
action623,13.892607211417666,59.22179301136076
action624,8.484471749617377,86.67576184421891
action625,310.72248581120664,78.8114329084841
action626,464.0399789587837,39.01438984439265
action627,398.8242858768752,75.49199649990129
action628,10.089036586621575,17.94924919642075
action629,205.1877111543123,2.9022127175202725
action630,377.98689689862215,60.81886136750424
action631,463.90649578911757,49.08603038148338
action632,105.4397916669669,88.60109452645092
action633,15.281647473727114,7.87846870274906
action634,226.98054114111625,82.88938518187847
action635,165.37439715025255,46.14881305610125
action636,15.784419017740339,49.549459380980984
action637,270.1236764300016,30.440373648484986
action638,320.84961132144923,56.01839509736123
action639,3.4857072283378097,72.25845461546302
action640,320.19238518511787,62.43436776874315
action641,482.103848062472,2.585705258635402
action642,426.79143063940285,11.339140620582048
action643,257.7344155996326,61.64161801383458
action644,452.51091041690785,22.60933451371715
action645,232.1236981293419,22.683462070724584
action646,83.23296845816402,2.3115206942919997
action647,334.70713663361175,77.4331892548287
action648,482.3820351674204,67.47017527423938
action649,401.2831566930311,92.77540593562514
action650,140.5546686030857,68.99164408322282
action651,179.5817968918507,22.382004610883172
action652,394.14061843929045,63.99563968472195
action653,415.9863289748029,2.218341903915255
action654,121.87178089048305,40.12189315724776
action655,188.900103841198,21.012190807297443
action656,222.16074209497847,24.730624045170515
action657,392.9370350779204,5.076957184455357
action658,129.01998549127993,76.63489103490639
action659,236.89467013021405,48.34719573647292
action660,203.65545414296966,88.25913037224203
action661,345.8151522786396,12.408018106671623
action662,123.24657891593102,77.99890873641942
action663,439.296723561333,32.52515062651126
action664,311.2799595268326,58.872150366648754
action665,287.85695493269674,98.08126902113142
action666,83.42512635404307,51.328469747479225
action667,110.23370662530739,40.56137896705296
action668,473.43786646257814,16.51465740390944
action669,369.46217850079375,14.77295863443532
action670,378.5594400021096,23.036191929679823
action671,344.5505691092134,46.87104460642416
action672,330.73217944717913,83.15602240073189
action673,353.53021215259224,79.06540171227712
action674,7.6756943833161175,51.34647772071321
action675,221.78325977962766,76.52070292292345
action676,328.56970970528255,96.68039082807834
action677,320.1233031141838,30.783246492132005
action678,458.1356917927696,12.385218408587278
action679,230.64087817318264,24.36892651767104
action680,360.8848914756279,63.223456388899585
action681,293.43629792252983,56.4642498356614
action682,368.017376116139,6.912104729235542
action683,52.99259641376688,97.92103101173842
action684,408.06156841658105,95.93917077237656
action685,465.4703383919046,70.33527162451027
action686,264.02867936141854,51.888246583635464
action687,7.119683903064728,12.201361777998327
action688,279.2079947873632,73.95959403025265
action689,330.356595984967,94.54633801562245
action690,430.3458011078477,71.26266762953584
action691,208.6569460497445,28.145813684745722
action692,323.82069580091166,52.90973227504799
action693,52.881121829165906,58.248042627560885
action694,256.5491167592687,21.06379246633962
action695,247.08277222755183,6.429796160348316
action696,54.366698149519095,45.42169176950296
action697,224.91820416082814,14.77766704743451
action698,3.699055722264238,70.00989682831836
action699,246.10315927772234,47.970505239604734
action700,137.1788968213565,49.336334197650096
action701,153.9461839494473,52.56101959314661
action702,149.45193373706843,44.956721542168324
action703,264.0203610306906,46.215977395750855
action704,184.43308486105343,72.69343947402342
action705,450.190715660075,38.00525849419617
action706,242.28811327823297,24.916525399676058
action707,435.7626111137435,62.23656160639305
action708,223.94806364615164,64.56625147009251
action709,255.82755497523547,36.30374124818794
action710,156.7766636361154,66.26219085186638
action711,36.13383084090588,45.0698834904937
action712,12.879331135394274,14.520430449227252
action713,218.64249896096007,24.04688042683789
action714,282.78332179345756,53.4073462228865
action715,392.9636668079942,29.43687108927037
action716,367.02205693427965,90.11818831344685
action717,137.4940079158118,55.76441561757495
action718,199.98351294383087,99.0598601436562
action719,443.21290666607086,40.138360638201
action720,449.4818070519229,95.9064636006291
action721,416.2473572555071,95.931472749962
action722,371.5209616998471,95.0471751819326
action723,449.0541380291224,14.712036719150802
action724,248.19529330302308,87.38996510781148
action725,135.05870937674734,64.62656101792044
action726,166.00930085239796,6.572458700680201
action727,430.5671509505085,41.33330543750725
action728,386.30412741866047,34.190523320702226
action729,87.75489714637735,30.437018814351184
action730,328.19177739248084,81.1172429110251
action731,226.30277709149937,34.56686445130423
action732,250.78594644585024,98.66420566554454
action733,398.25480881455064,74.90931652721672
action734,389.822247407519,80.36046681634964
action735,210.42782494086254,37.015178545665876
action736,328.9576714681455,37.625505674528625
action737,287.06104134313165,58.37835438691808
action738,486.48562288648145,59.154535125058516
action739,260.48854355483,9.872840042259474
action740,130.32049411422838,11.92273913052619
action741,480.17134893363453,38.06185769244597
action742,364.21231601577153,34.93196825930685
action743,93.43495914288228,72.85482579495569
action744,37.22802302323488,4.4369206393285285
action745,412.18000427359726,20.39207772777284
action746,423.3008241858415,78.23473974345464
action747,438.2268598379038,87.7282599120148
action748,338.25233481790656,82.65117360663015
action749,10.021378739781714,53.69822578772911
action750,394.9805617222396,88.00412977916432
action751,372.2404520122101,10.743339180888366
action752,17.146444134346957,19.403907654580056
action753,391.7584219689626,21.86534813345615
action754,268.3832849627994,44.796971387495624
action755,262.85517911100044,33.13306917000117
action756,268.99748780670876,94.58508765619308
action757,258.8373447170954,5.662669685415007
action758,14.423599460056497,25.978120560684356
action759,279.693682626482,35.68427645958075
action760,147.16785305745776,40.94636195259854
action761,108.73914034874957,95.49635302615869
action762,179.2751492402266,3.38877668005244
action763,380.8530188567961,71.78775898797367
action764,235.1436493804669,74.6132052589991
action765,209.77605489698294,48.67702464573266
action766,337.73118149679885,12.976173111921522
action767,267.7115449614917,68.87719886430258
action768,107.04375888486426,53.07444829208237
action769,219.41605190957708,51.05283041090169
action770,12.884414656761747,24.907894970400964
action771,165.4777684144573,69.75110808353438
action772,277.09727543223653,88.97725836649622
action773,349.6845675269275,75.3239136182928
action774,58.731254581932546,39.87460816493693
action775,207.90020029854182,95.46101859551318
action776,320.6660816793966,44.6145921556819
action777,386.7248362214715,60.647680451184385
action778,157.39155868183292,13.364608376556035
action779,52.22201774193395,48.212499720268
action780,263.4555689270417,14.901698590191021
action781,68.85970562730054,42.632312717793276
action782,240.06059995633242,13.360232712487344
action783,144.86686892554718,74.6270210226106
action784,165.25865810490728,37.02193722753851
action785,111.55208886903057,51.09757175772405
action786,276.87777315829686,9.717636405272371
action787,282.4573327105348,99.49816526083762
action788,461.61404615745727,40.06764935661702
action789,202.55468528453645,78.25122401691098
action790,107.94199344501696,56.948088359487755
action791,292.8182083632063,8.51692338375757
action792,265.6992417117125,83.09332057608981
action793,320.39499617690706,59.65389437870685
action794,233.00116703057222,82.51753335423204
action795,82.7535525125903,70.9341376795181
action796,469.75570578781935,26.260042474710737
action797,434.18676164725724,28.518047068732553
action798,381.3638599416347,4.524271050426673
action799,413.6568589797753,16.54945155676326
action800,417.5843461816387,13.460325718574497
action801,4.539760468332837,16.327495836903793
action802,426.45480567044103,95.91938102704896
action803,263.0475035729937,5.316496316479138
action804,133.55189929584463,61.9824237928048
action805,418.5688023596321,43.94576851092008
action806,151.20060253344644,81.9705793145054
action807,397.8329844838388,79.49584953445509
action808,406.49535944280825,12.406848665423507
action809,275.58605983701835,76.08520008726228
action810,11.832453371981266,42.21451991779902
action811,401.20910108559565,59.66219897308182
action812,291.6585231133212,99.26662893991458
action813,110.83597332972303,12.77451548893753
action814,155.8143535506883,78.8788739832378
action815,222.8729636191396,45.10609001132851
action816,88.6396727713657,1.9303990420218733
action817,58.47907809591659,22.879091752664614
action818,100.39989904617427,7.862408106021404
action819,398.7209128524396,3.4908339333015643
action820,420.51165834967424,42.24357358138517
action821,365.2193062167752,5.515555840868773
action822,212.75769306967584,80.95421280467609
action823,100.41812890292572,79.1919759116917
action824,210.66242571757329,97.03894506227108
action825,108.05181604266616,83.80340375760834
action826,291.69111998867874,19.808289956627362
action827,218.2097909928668,62.45338732047578
action828,321.33663693796734,16.373627535817988
action829,51.59904227349995,85.61948248941589
action830,477.62210878685045,31.200583227524053
action831,66.50471635817372,65.4792361007444
action832,235.09949905221657,67.23476840026794
action833,256.88138059267766,33.175971954528286
action834,287.34266343814227,15.159424175098053
action835,71.89888978568275,55.93769085347723
action836,276.70935275342515,81.91113055726572
action837,107.19657815759793,49.30194737303501
action838,285.8934299600378,25.66490744644611
action839,140.58470206316989,54.132693436496254
action840,248.1069379946405,17.063076322655018
action841,185.61744327651246,29.495340753446854
action842,395.8866642059583,70.13860241961792
action843,120.11294047337351,76.06614042388911
action844,320.29564774851957,88.20657140884158
action845,496.5670242743748,92.85373538373204
action846,28.26480213027678,40.73974135952619
action847,477.3725934949447,81.10501757353788
action848,391.2038061631189,41.38973446429502
action849,37.92096827912061,15.236042421960317
action850,247.0189043110392,34.514183377697556
action851,454.1628014502346,23.947025671932114
action852,84.95702062876774,35.561356945876575
action853,104.55651388499992,21.40226243625912
action854,251.91746591838708,77.61463916696256
action855,491.91377247372594,27.416097115140715
action856,45.90147480990696,27.587275862866594
action857,138.18228437924515,23.257388241911553
action858,446.22567800854745,64.93971600248591
action859,21.450370491570478,59.975921524524274
action860,198.19912243349998,66.36647717573119
action861,451.0053527707553,61.536442341243564
action862,21.625889871834957,44.07505432391539
action863,218.20876335457314,38.866933461591096
action864,411.00417639170473,9.945546858695467
action865,489.0236944565867,82.79795528042071
action866,6.8300375171445875,14.593592544289262
action867,233.71496957388635,18.426506685630745
action868,261.28946292785446,61.91672803649142
action869,230.3773547763169,70.47332835393067
action870,318.9950321618414,17.225498294313795
action871,439.74976178681396,54.50585366447163
action872,428.3708827684495,44.54443699289187
action873,468.467600512087,85.62929817042183
action874,293.17656190670215,67.26049319735408
action875,471.04300279760525,95.50011889886382
action876,474.4971957977924,43.900458767143135
action877,219.64460011559729,28.02542961686393
action878,413.16306560492706,20.082170263632676
action879,35.50177734655914,89.67055358006314
action880,281.699787859871,52.83944529284233
action881,374.8941105117124,30.051607624367808
action882,26.199705295933178,99.88018111744432
action883,326.11221826522706,20.252660189377583
action884,72.26307332589391,62.0892525918382
action885,273.7466974335852,44.87139757229973
action886,281.65244709868745,3.9368873697038915
action887,203.14645206583828,49.04877112886609
action888,301.2898924911585,84.23993465436095
action889,340.94902573152865,53.66201044650764
action890,92.69395331534474,3.3883227099498106
action891,84.54922830512871,7.602386068728315
action892,475.15088860161654,12.470324809950723
action893,107.96620742226818,78.25455852582061
action894,447.9735262010063,19.112031938251484
action895,84.0171567027577,25.706441090937425
action896,2.233036626598751,91.4754855388057
action897,362.0714063790001,83.15051358604408
action898,167.61055346509485,82.91904094369288
action899,490.9473823514824,5.645907710842864
action900,299.80206082671566,72.44078797142289
action901,283.4262460392353,2.172808511370477
action902,403.89961272141124,28.176972665550483
action903,22.480315444736096,41.86293290246869
action904,325.07546358046335,27.13922045628201
action905,243.96077446266224,74.76533733019713
action906,276.2206323085655,57.697071229478766
action907,446.35816917722843,71.29688610616066
action908,205.04593160063496,78.2942258308605
action909,447.2930969990875,91.11592040075844
action910,320.5968605224533,15.835571395952144
action911,47.64971558633388,56.808195945873095
action912,54.21246132848719,21.67133666615005
action913,96.56089855460242,46.00617775239405
action914,432.02182641121914,61.568534695825726
action915,98.0531316979344,73.24171762314475
action916,33.195190097638,51.61980974346886
action917,270.89450938903985,29.812347132623362
action918,10.730010740707081,70.21547767922002
action919,66.85211595122733,43.98396192263169
action920,180.36381816448727,84.09880664493996
action921,470.1595491580156,62.33151303990116
action922,40.113014862860176,73.83276678993077
action923,453.99600399530044,5.516175979247306
action924,439.1189247407864,99.20453685826371
action925,250.02179890391102,90.71194231778686
action926,401.14863400449775,86.12962079047146
action927,34.88248022459697,43.36317843998235
action928,477.00897482542786,65.44174958263388
action929,23.214471626501616,38.204152447408774
action930,429.2788461927441,71.77503223881409
action931,482.95667442020255,59.85912813639019
action932,427.56600873038815,58.464257843494906
action933,20.757364657268155,24.572863064918327
action934,300.51106802345436,33.414849683603514
action935,369.2973945639343,98.26754483780043
action936,323.8497603904829,11.18896231245105
action937,151.15356206913108,94.72963236645693
action938,471.7319044744328,79.62710773739929
action939,160.48715827802204,16.599610119484844
action940,128.55588447076912,15.770430895763113
action941,37.37969954922619,59.22200502603609
action942,77.88591770329087,26.61291044136159
action943,450.5095104617415,31.17486391953815
action944,447.2927882480581,48.240471593132874
action945,340.416952713944,59.11570046748873
action946,82.66394450587944,73.90766819511234
action947,475.737556523096,22.847194991498263
action948,373.44640917023656,51.020647802809535
action949,363.4723675224449,17.671918428555134
action950,279.64374595665595,58.66990771383584
action951,53.407057777029124,21.621785492076004
action952,32.08724656299994,11.794712365992346
action953,342.5662500514917,37.1441019514424
action954,416.7816887071108,48.20532733980611
action955,300.6737328931212,88.19027622122812
action956,426.2109450043952,8.312873207830618
action957,32.82814087938604,82.54748379035358
action958,8.391560964791266,99.85257261976298
action959,289.11698365263356,47.278996914934766
action960,90.85320511974808,46.128369707655835
action961,114.36363260923541,11.200708027051506
action962,123.77195081121359,90.17826655578075
action963,361.4585900243712,27.231506237163835
action964,69.50068729011221,31.390720752983217
action965,193.25185527719074,79.8776480912137
action966,402.7819776032432,3.044536872371217
action967,300.1101079921696,12.007675539915
action968,31.549455484345334,45.238770034814884
action969,205.44125519331553,31.028518997242312
action970,421.7281271716879,23.6117109773061
action971,246.38936750476722,4.985249521326157
action972,344.9776625495219,75.6967538083435
action973,243.30170689058406,81.64571633398582
action974,285.1361134737237,73.16470689514097
action975,180.85532132390276,3.205873394197449
action976,412.82138847095075,89.23836370819838
action977,259.52739986662164,87.65171305435263
action978,324.19111583267323,60.07567044719942
action979,409.9478099280651,81.13543226967855
action980,393.4424114626194,87.82300275912289
action981,352.75719971241944,88.43678396811254
action982,299.60435510515885,99.95355523613888
action983,481.2009027266433,83.18158439235866
action984,44.259398702720674,38.9790635535831
action985,367.95410020904586,44.26593575974
action986,477.64513656014583,37.33795551551979
action987,41.56957141322222,27.956220943353987
action988,429.00356238889816,64.02078513151152
action989,174.9738156787204,43.43681264370161
action990,108.18967729841891,37.47038016227156
action991,345.68764846691914,86.40777914989319
action992,304.8458708967614,21.804957754367067
action993,477.6503168001805,80.3381404329609
action994,477.2619060559539,69.26875408414452
action995,476.2594469770884,89.55307691198051
action996,456.50158074062233,70.14455724881944
action997,131.81340797859252,56.594804385037726
action998,260.9066176826838,24.932598963142095
action999,309.6927356277763,9.593704668164206
